{
    "sample_data\\ALPINE_C_424_Murguzur": {
        "0": 0.002378609264269471,
        "1": 0.002396103460341692,
        "2": 0.0013557826168835163,
        "3": 0.0008474120404571295
    },
    "sample_data\\Cassava_TBC_6026_Shen": {
        "0": 0.0021611913107335567,
        "1": 0.0017757704481482506,
        "2": 0.0013721738941967487,
        "3": 0.0011821697698906064
    },
    "sample_data\\Fuel_Octane_60_Wang": {
        "0": 0.0015922004822641611,
        "1": 0.0013453253777697682,
        "2": 0.0006644225213676691,
        "3": 0.0020143024157732725
    },
    "sample_data\\LEAF_Proline_GlasField500_Burnett": {
        "0": 0.012304196134209633,
        "1": 0.004497118294239044,
        "2": 0.00010183294943999499,
        "3": 0.0012922595487907529
    },
    "sample_data\\LEAF_Protein_GlasField500_Burnett": {
        "0": 0.006634796038269997,
        "1": 0.0013608777662739158,
        "2": 0.0030717274639755487,
        "3": 0.002235486637800932
    },
    "sample_data\\LEAF_Starch_GlasField500_Burnett": {
        "0": 0.0005063131102360785,
        "1": 0.02154058963060379,
        "2": 0.008672029711306095,
        "3": 0.003886828664690256
    },
    "sample_data\\TABLET_Escitalopramt_310_Zhao": {
        "0": 0.002878675004467368,
        "1": 0.0018933553947135806,
        "2": 0.0022161812521517277,
        "3": 0.0045127952471375465
    }
}